{"cameraMode":{"drawMode":0,"name":"Shaded","section":"Shading Mode"},"sceneLighting":false,"audioPlay":false,"sceneViewState":{"m_AlwaysRefresh":false,"showFog":true,"showSkybox":false,"showFlares":true,"showImageEffects":true,"showParticleSystems":true,"showVisualEffectGraphs":true,"m_FxEnabled":true},"in2DMode":false,"pivot":{"x":-14.685940742492676,"y":-26.886428833007814,"z":-4.749259948730469},"rotation":{"x":0.2574242055416107,"y":0.017392681911587716,"z":-0.004634166602045298,"w":0.9661341905593872},"size":49.604454040527347,"orthographic":false}