{"cameraMode":{"drawMode":0,"name":"Shaded","section":"Shading Mode"},"sceneLighting":true,"audioPlay":false,"sceneViewState":{"m_AlwaysRefresh":false,"showFog":true,"showSkybox":true,"showFlares":true,"showImageEffects":true,"showParticleSystems":true,"showVisualEffectGraphs":true,"m_FxEnabled":true},"in2DMode":false,"pivot":{"x":98.79755401611328,"y":98.48047637939453,"z":108.39483642578125},"rotation":{"x":0.029392125084996225,"y":-0.01380620151758194,"z":0.00042803955147974193,"w":0.9995012879371643},"size":4.511773109436035,"orthographic":false}