{"cameraMode":{"drawMode":0,"name":"Shaded","section":"Shading Mode"},"sceneLighting":true,"audioPlay":false,"sceneViewState":{"m_AlwaysRefresh":false,"showFog":true,"showSkybox":true,"showFlares":true,"showImageEffects":true,"showParticleSystems":true,"showVisualEffectGraphs":true,"m_FxEnabled":true},"in2DMode":false,"pivot":{"x":95.5194091796875,"y":98.82673645019531,"z":111.60967254638672},"rotation":{"x":0.032392919063568118,"y":0.008683457970619202,"z":-0.00026032779715023935,"w":0.9994695782661438},"size":8.219749450683594,"orthographic":false}