{"cameraMode":{"drawMode":0,"name":"Shaded","section":"Shading Mode"},"sceneLighting":true,"audioPlay":false,"sceneViewState":{"m_AlwaysRefresh":false,"showFog":true,"showSkybox":true,"showFlares":true,"showImageEffects":true,"showParticleSystems":true,"showVisualEffectGraphs":true,"m_FxEnabled":true},"in2DMode":false,"pivot":{"x":-80.93571472167969,"y":365.076904296875,"z":-39.332122802734378},"rotation":{"x":-0.04796651005744934,"y":-0.025467703118920327,"z":-0.0012234660098329187,"w":0.9985255002975464},"size":406.9721374511719,"orthographic":false}