{"cameraMode":{"drawMode":0,"name":"Shaded","section":"Shading Mode"},"sceneLighting":true,"audioPlay":false,"sceneViewState":{"m_AlwaysRefresh":false,"showFog":true,"showSkybox":true,"showFlares":true,"showImageEffects":true,"showParticleSystems":true,"showVisualEffectGraphs":true,"m_FxEnabled":true},"in2DMode":false,"pivot":{"x":99.89065551757813,"y":98.95091247558594,"z":111.4228286743164},"rotation":{"x":-0.0036014586221426727,"y":-0.012313258834183216,"z":-0.00002352113187953364,"w":0.9999436140060425},"size":4.612523555755615,"orthographic":false}