{"cameraMode":{"drawMode":0,"name":"Shaded","section":"Shading Mode"},"sceneLighting":true,"audioPlay":false,"sceneViewState":{"m_AlwaysRefresh":false,"showFog":true,"showSkybox":true,"showFlares":true,"showImageEffects":true,"showParticleSystems":true,"showVisualEffectGraphs":true,"m_FxEnabled":true},"in2DMode":false,"pivot":{"x":99.02654266357422,"y":103.4516372680664,"z":111.43002319335938},"rotation":{"x":-0.008393723517656327,"y":0.03389875218272209,"z":-0.0002839861554093659,"w":-0.9994152784347534},"size":2.8660504817962648,"orthographic":false}