{"cameraMode":{"drawMode":0,"name":"Shaded","section":"Shading Mode"},"sceneLighting":true,"audioPlay":false,"sceneViewState":{"m_AlwaysRefresh":false,"showFog":true,"showSkybox":true,"showFlares":true,"showImageEffects":true,"showParticleSystems":true,"showVisualEffectGraphs":true,"m_FxEnabled":true},"in2DMode":false,"pivot":{"x":99.25527954101563,"y":99.63436126708985,"z":111.77064514160156},"rotation":{"x":0.13102281093597413,"y":0.007132009137421846,"z":-0.000882109219674021,"w":0.9913963079452515},"size":2.0489771366119386,"orthographic":false}