{"cameraMode":{"drawMode":0,"name":"Shaded","section":"Shading Mode"},"sceneLighting":true,"audioPlay":false,"sceneViewState":{"m_AlwaysRefresh":false,"showFog":true,"showSkybox":true,"showFlares":true,"showImageEffects":true,"showParticleSystems":true,"showVisualEffectGraphs":true,"m_FxEnabled":true},"in2DMode":false,"pivot":{"x":102.84242248535156,"y":98.9757080078125,"z":111.5259017944336},"rotation":{"x":-0.0036014586221426727,"y":-0.012313258834183216,"z":-0.00002352113187953364,"w":0.9999436140060425},"size":2.8776228427886965,"orthographic":false}